{
  "sizes": [
    5000,
    10000,
    25000,
    50000,
    75000,
    100000
  ],
  "density": 0.001,
  "CPU": [
    0.014937332136285194,
    0.013303739172644788,
    0.013621024455221077,
    0.013682419396281868,
    0.013310495476650993,
    0.013538973089483897
  ],
  "Scalar": [
    0.46706320217201025,
    1.64809111077045,
    8.733199354050962,
    21.742658869132693,
    28.237120172707094,
    38.45623555329741
  ],
  "Vector": [
    0.4671974959276592,
    1.5990324929218045,
    9.145607760511831,
    30.400561216793292,
    56.20790404038287,
    73.5407095018673
  ],
  "Adaptive": [
    0.45950351347621493,
    1.6166196016117322,
    6.855032465279785,
    30.671564833694056,
    55.165515542102106,
    73.5347416369306
  ],
  "cuSPARSE": [
    2.4920638877833405,
    9.074019930513971,
    41.07053017876581,
    98.49750202757961,
    132.98366633859953,
    152.5389163475431
  ]
}